,algorithm,solution length,nodes expanded,shannon entropy,fragmentation
0,NaiveRandomWalk,2.228,3.239,0.0,0.0
1,NaiveReverseWalk,60.573,1696.912,1.3128097267276493,1.8124545454545462
2,HeuristicReverseWalk,60.857,1401.923,1.3203154343997923,1.8221363636363637
3,Es,72.71,3018.79,1.4011186052147622,1.9595454545454547
4,MapElites,114.45833333333333,3777.5833333333335,1.6325335208230518,2.5814393939393936
